repo	timestamp	count_clones	uniques_clones	count_views	uniques_views	repo_name
fhdsl/metricminer	2024-04-29	1	1	1	1	NA
fhdsl/metricminer	2024-05-03	1	1	NA	NA	NA
fhdsl/metricminer	2024-05-05	1	1	6	1	NA
fhdsl/metricminer	2024-05-06	1	1	NA	NA	NA
fhdsl/metricminer	2024-05-07	1	1	NA	NA	NA
fhdsl/metricminer	2024-05-11	1	1	1	1	NA
fhdsl/metricminer	2024-04-30	NA	NA	1	1	NA
fhdsl/metricminer	2024-05-01	NA	NA	1	1	NA
fhdsl/metricminer	2024-05-02	NA	NA	1	1	NA
fhdsl/metricminer	2024-05-10	NA	NA	1	1	NA
fhdsl/metricminer-dashboard	2024-04-29	1	1	1	1	NA
fhdsl/metricminer-dashboard	2024-05-03	1	1	NA	NA	NA
fhdsl/metricminer-dashboard	2024-05-05	16	9	3	1	NA
fhdsl/metricminer-dashboard	2024-05-06	1	1	NA	NA	NA
fhdsl/metricminer-dashboard	2024-05-07	2	1	NA	NA	NA
fhdsl/metricminer-dashboard	2024-05-11	1	1	NA	NA	NA
fhdsl/metricminer-dashboard	2024-05-09	NA	NA	2	1	NA
jhudsl/OTTR_Template	2024-04-29	1	1	NA	NA	NA
jhudsl/OTTR_Template	2024-04-30	1	1	35	2	NA
jhudsl/OTTR_Template	2024-05-01	8	2	3	3	NA
jhudsl/OTTR_Template	2024-05-02	14	7	12	4	NA
jhudsl/OTTR_Template	2024-05-04	4	2	3	3	NA
jhudsl/OTTR_Template	2024-05-05	1	1	1	1	NA
jhudsl/OTTR_Template	2024-05-06	1	1	33	5	NA
jhudsl/OTTR_Template	2024-05-07	1	1	4	3	NA
jhudsl/OTTR_Template	2024-05-09	1	1	9	3	NA
jhudsl/OTTR_Template	2024-05-10	1	1	NA	NA	NA
jhudsl/OTTR_Template	2024-04-28	NA	NA	2	2	NA
jhudsl/OTTR_Template	2024-05-08	NA	NA	53	4	NA
jhudsl/OTTR_Template	2024-05-11	NA	NA	2	2	NA
jhudsl/OTTR_Template_Website	2024-05-06	1	1	2	2	NA
jhudsl/OTTR_Template_Website	2024-04-29	NA	NA	1	1	NA
jhudsl/OTTR_Template_Website	2024-05-01	NA	NA	1	1	NA
jhudsl/OTTR_Template_Website	2024-05-07	NA	NA	11	2	NA
fhdsl/metricminer	2025-02-02	2	2	NA	NA	NA
fhdsl/metricminer	2025-02-07	1	1	8	2	NA
fhdsl/metricminer	2025-02-08	1	1	NA	NA	NA
fhdsl/metricminer	2025-02-11	14	10	19	2	NA
fhdsl/metricminer	2025-02-12	67	15	35	1	NA
fhdsl/metricminer	2025-02-13	1	1	7	1	NA
fhdsl/metricminer	2025-02-14	6	4	2	2	NA
fhdsl/metricminer	2025-02-04	NA	NA	1	1	NA
fhdsl/metricminer	2025-02-05	NA	NA	1	1	NA
fhdsl/metricminer	2025-02-06	NA	NA	14	2	NA
fhdsl/metricminer	2025-02-09	NA	NA	1	1	NA
fhdsl/metricminer-dashboard	2025-02-08	1	1	NA	NA	NA
fhdsl/metricminer-dashboard	2025-02-09	1	1	1	1	NA
fhdsl/metricminer-dashboard	2025-02-12	18	9	35	3	NA
fhdsl/metricminer-dashboard	2025-02-15	1	1	NA	NA	NA
fhdsl/metricminer-dashboard	2025-02-05	NA	NA	1	1	NA
fhdsl/metricminer-dashboard	2025-02-10	NA	NA	1	1	NA
fhdsl/metricminer-dashboard	2025-02-13	NA	NA	2	1	NA
fhdsl/metricminer-dashboard	2025-02-14	NA	NA	1	1	NA
jhudsl/OTTR_Template	2025-02-02	1	1	NA	NA	NA
jhudsl/OTTR_Template	2025-02-03	1	1	11	3	NA
jhudsl/OTTR_Template	2025-02-04	1	1	33	3	NA
jhudsl/OTTR_Template	2025-02-05	16	3	39	1	NA
jhudsl/OTTR_Template	2025-02-06	2	2	27	5	NA
jhudsl/OTTR_Template	2025-02-08	1	1	NA	NA	NA
jhudsl/OTTR_Template	2025-02-10	1	1	2	2	NA
jhudsl/OTTR_Template	2025-02-12	1	1	NA	NA	NA
jhudsl/OTTR_Template	2025-02-13	4	2	5	2	NA
jhudsl/OTTR_Template	2025-02-15	2	2	NA	NA	NA
jhudsl/OTTR_Template	2025-02-07	NA	NA	12	3	NA
jhudsl/OTTR_Template	2025-02-09	NA	NA	1	1	NA
jhudsl/OTTR_Template	2025-02-11	NA	NA	3	1	NA
jhudsl/OTTR_Template	2025-02-14	NA	NA	12	2	NA
jhudsl/OTTR_Template_Website	2025-02-03	1	1	NA	NA	NA
jhudsl/OTTR_Template_Website	2025-02-05	1	1	NA	NA	NA
jhudsl/OTTR_Template_Website	2025-02-11	1	1	NA	NA	NA
jhudsl/OTTR_Template_Website	NA	NA	NA	0	0	NA
fhdsl/metricminer	2025-02-18	44	20	27	2	NA
fhdsl/metricminer	2025-02-19	23	6	12	3	NA
fhdsl/metricminer	2025-02-20	1	1	6	3	NA
fhdsl/metricminer	2025-02-17	NA	NA	15	3	NA
fhdsl/metricminer-dashboard	2025-02-16	23	10	NA	NA	NA
fhdsl/metricminer-dashboard	2025-02-18	2	2	2	1	NA
fhdsl/metricminer-dashboard	2025-02-19	11	6	8	1	NA
fhdsl/metricminer-dashboard	2025-02-20	NA	NA	24	2	NA
jhudsl/OTTR_Template	2025-02-06	1	1	NA	NA	NA
jhudsl/OTTR_Template	2025-02-17	1	1	NA	NA	NA
jhudsl/OTTR_Template	2025-02-19	2	2	10	2	NA
jhudsl/OTTR_Template	2025-02-16	NA	NA	1	1	NA
jhudsl/OTTR_Template	2025-02-18	NA	NA	13	1	NA
jhudsl/OTTR_Template_Website	2025-02-19	1	1	2	1	NA
fhdsl/metricminer	2025-02-20	7	3	11	3	NA
fhdsl/metricminer	2025-02-21	NA	NA	5	2	NA
fhdsl/metricminer	2025-02-22	NA	NA	1	1	NA
fhdsl/metricminer-dashboard	2025-02-20	21	12	33	2	NA
jhudsl/OTTR_Template	2025-02-21	4	4	4	3	NA
fhdsl/metricminer	2025-02-24	1	1	1	1	NA
fhdsl/metricminer	2025-02-23	NA	NA	1	1	NA
fhdsl/metricminer	2025-02-25	NA	NA	1	1	NA
fhdsl/metricminer	2025-02-28	NA	NA	1	1	NA
fhdsl/metricminer-dashboard	2025-02-23	17	9	NA	NA	NA
fhdsl/metricminer-dashboard	2025-02-26	19	6	42	2	NA
fhdsl/metricminer-dashboard	2025-02-27	1	1	1	1	NA
jhudsl/OTTR_Template	2025-02-23	2	2	1	1	NA
jhudsl/OTTR_Template	2025-02-25	2	2	10	7	NA
jhudsl/OTTR_Template	2025-02-27	1	1	NA	NA	NA
jhudsl/OTTR_Template	2025-03-01	3	2	1	1	NA
jhudsl/OTTR_Template	2025-02-24	NA	NA	4	4	NA
jhudsl/OTTR_Template	2025-02-26	NA	NA	7	2	NA
jhudsl/OTTR_Template	2025-02-28	NA	NA	6	3	NA
jhudsl/OTTR_Template_Website	2025-02-23	1	1	NA	NA	NA
jhudsl/OTTR_Template_Website	2025-02-27	1	1	NA	NA	NA
jhudsl/OTTR_Template_Website	2025-03-01	2	1	NA	NA	NA
jhudsl/OTTR_Template_Website	2025-02-24	NA	NA	3	2	NA
jhudsl/OTTR_Template_Website	2025-02-25	NA	NA	1	1	NA
fhdsl/metricminer	2025-03-08	1	1	NA	NA	NA
fhdsl/metricminer	2025-03-03	NA	NA	1	1	NA
fhdsl/metricminer	2025-03-05	NA	NA	2	2	NA
fhdsl/metricminer-dashboard	2025-02-23	1	1	NA	NA	NA
fhdsl/metricminer-dashboard	2025-03-02	15	8	NA	NA	NA
fhdsl/metricminer-dashboard	2025-03-03	1	1	NA	NA	NA
fhdsl/metricminer-dashboard	2025-03-07	2	2	NA	NA	NA
jhudsl/OTTR_Template	2025-03-03	1	1	NA	NA	NA
jhudsl/OTTR_Template	2025-03-04	4	3	11	3	NA
jhudsl/OTTR_Template	2025-03-05	6	3	22	3	NA
jhudsl/OTTR_Template	2025-03-06	2	2	4	4	NA
jhudsl/OTTR_Template	2025-03-07	1	1	NA	NA	NA
jhudsl/OTTR_Template	2025-03-08	3	3	2	2	NA
jhudsl/OTTR_Template	2025-03-02	NA	NA	1	1	NA
jhudsl/OTTR_Template_Website	2025-03-05	1	1	2	1	NA
jhudsl/OTTR_Template_Website	2025-03-04	NA	NA	2	2	NA
jhudsl/OTTR_Template_Website	2025-03-06	NA	NA	1	1	NA
fhdsl/metricminer	2025-03-08	1	1	NA	NA	fhdsl/metricminer
fhdsl/metricminer	2025-03-09	1	1	2	1	fhdsl/metricminer
fhdsl/metricminer	2025-03-11	2	2	NA	NA	fhdsl/metricminer
fhdsl/metricminer	2025-03-12	1	1	NA	NA	fhdsl/metricminer
fhdsl/metricminer	2025-03-13	23	7	34	2	fhdsl/metricminer
fhdsl/metricminer	2025-03-14	27	3	23	4	fhdsl/metricminer
fhdsl/metricminer	2025-03-15	1	1	1	1	fhdsl/metricminer
fhdsl/metricminer	2025-03-03	NA	NA	1	1	fhdsl/metricminer
fhdsl/metricminer	2025-03-05	NA	NA	2	2	fhdsl/metricminer
fhdsl/metricminer-dashboard	2025-03-02	1	1	NA	NA	fhdsl/metricminer-dashboard
fhdsl/metricminer-dashboard	2025-03-03	1	1	NA	NA	fhdsl/metricminer-dashboard
fhdsl/metricminer-dashboard	2025-03-07	2	2	NA	NA	fhdsl/metricminer-dashboard
fhdsl/metricminer-dashboard	2025-03-09	14	7	NA	NA	fhdsl/metricminer-dashboard
fhdsl/metricminer-dashboard	2025-03-10	2	2	NA	NA	fhdsl/metricminer-dashboard
fhdsl/metricminer-dashboard	2025-03-12	2	1	8	2	fhdsl/metricminer-dashboard
fhdsl/metricminer-dashboard	2025-03-13	26	10	34	2	fhdsl/metricminer-dashboard
fhdsl/metricminer-dashboard	2025-03-14	1	1	2	1	fhdsl/metricminer-dashboard
fhdsl/metricminer-dashboard	2025-03-15	1	1	NA	NA	fhdsl/metricminer-dashboard
jhudsl/OTTR_Template	2025-03-03	1	1	NA	NA	jhudsl/OTTR_Template
jhudsl/OTTR_Template	2025-03-04	4	3	11	3	jhudsl/OTTR_Template
jhudsl/OTTR_Template	2025-03-05	6	3	22	3	jhudsl/OTTR_Template
jhudsl/OTTR_Template	2025-03-06	2	2	4	4	jhudsl/OTTR_Template
jhudsl/OTTR_Template	2025-03-07	1	1	NA	NA	jhudsl/OTTR_Template
jhudsl/OTTR_Template	2025-03-08	3	3	2	2	jhudsl/OTTR_Template
jhudsl/OTTR_Template	2025-03-09	3	3	2	2	jhudsl/OTTR_Template
jhudsl/OTTR_Template	2025-03-10	1	1	NA	NA	jhudsl/OTTR_Template
jhudsl/OTTR_Template	2025-03-11	2	2	1	1	jhudsl/OTTR_Template
jhudsl/OTTR_Template	2025-03-12	1	1	NA	NA	jhudsl/OTTR_Template
jhudsl/OTTR_Template	2025-03-14	1	1	4	3	jhudsl/OTTR_Template
jhudsl/OTTR_Template	2025-03-02	NA	NA	1	1	jhudsl/OTTR_Template
jhudsl/OTTR_Template	2025-03-13	NA	NA	3	3	jhudsl/OTTR_Template
jhudsl/OTTR_Template	2025-03-15	NA	NA	1	1	jhudsl/OTTR_Template
jhudsl/OTTR_Template_Website	2025-03-05	1	1	2	1	jhudsl/OTTR_Template_Website
jhudsl/OTTR_Template_Website	2025-03-09	1	1	NA	NA	jhudsl/OTTR_Template_Website
jhudsl/OTTR_Template_Website	2025-03-10	1	1	NA	NA	jhudsl/OTTR_Template_Website
jhudsl/OTTR_Template_Website	2025-03-11	1	1	NA	NA	jhudsl/OTTR_Template_Website
jhudsl/OTTR_Template_Website	2025-03-12	1	1	NA	NA	jhudsl/OTTR_Template_Website
jhudsl/OTTR_Template_Website	2025-03-15	2	2	NA	NA	jhudsl/OTTR_Template_Website
jhudsl/OTTR_Template_Website	2025-03-04	NA	NA	2	2	jhudsl/OTTR_Template_Website
jhudsl/OTTR_Template_Website	2025-03-06	NA	NA	1	1	jhudsl/OTTR_Template_Website
jhudsl/OTTR_Template_Website	2025-03-13	NA	NA	3	1	jhudsl/OTTR_Template_Website
fhdsl/metricminer	2025-03-20	18	3	NA	NA	fhdsl/metricminer
fhdsl/metricminer	2025-03-21	1	1	1	1	fhdsl/metricminer
fhdsl/metricminer	2025-03-22	1	1	NA	NA	fhdsl/metricminer
fhdsl/metricminer	2025-03-17	NA	NA	1	1	fhdsl/metricminer
fhdsl/metricminer	2025-03-18	NA	NA	1	1	fhdsl/metricminer
fhdsl/metricminer	2025-03-19	NA	NA	7	2	fhdsl/metricminer
fhdsl/metricminer-dashboard	2025-03-16	18	8	NA	NA	fhdsl/metricminer-dashboard
fhdsl/metricminer-dashboard	2025-03-17	1	1	1	1	fhdsl/metricminer-dashboard
fhdsl/metricminer-dashboard	2025-03-18	1	1	NA	NA	fhdsl/metricminer-dashboard
fhdsl/metricminer-dashboard	2025-03-20	1	1	NA	NA	fhdsl/metricminer-dashboard
fhdsl/metricminer-dashboard	2025-03-22	1	1	NA	NA	fhdsl/metricminer-dashboard
fhdsl/metricminer-dashboard	2025-03-19	NA	NA	3	2	fhdsl/metricminer-dashboard
jhudsl/OTTR_Template	2025-03-09	2	2	2	2	jhudsl/OTTR_Template
jhudsl/OTTR_Template	2025-03-16	1	1	1	1	jhudsl/OTTR_Template
jhudsl/OTTR_Template	2025-03-17	1	1	6	2	jhudsl/OTTR_Template
jhudsl/OTTR_Template	2025-03-18	1	1	NA	NA	jhudsl/OTTR_Template
jhudsl/OTTR_Template	2025-03-19	8	3	27	2	jhudsl/OTTR_Template
jhudsl/OTTR_Template	2025-03-21	1	1	2	1	jhudsl/OTTR_Template
jhudsl/OTTR_Template	2025-03-22	NA	NA	1	1	jhudsl/OTTR_Template
jhudsl/OTTR_Template_Website	2025-03-20	1	1	NA	NA	jhudsl/OTTR_Template_Website
fhdsl/metricminer	2025-03-25	52	6	33	3	fhdsl/metricminer
fhdsl/metricminer	2025-03-26	2	1	4	1	fhdsl/metricminer
fhdsl/metricminer	2025-03-29	1	1	NA	NA	fhdsl/metricminer
fhdsl/metricminer	2025-03-24	NA	NA	5	1	fhdsl/metricminer
fhdsl/metricminer	2025-03-28	NA	NA	1	1	fhdsl/metricminer
fhdsl/metricminer-dashboard	2025-03-23	9	3	NA	NA	fhdsl/metricminer-dashboard
fhdsl/metricminer-dashboard	2025-03-25	1	1	NA	NA	fhdsl/metricminer-dashboard
fhdsl/metricminer-dashboard	2025-03-29	1	1	NA	NA	fhdsl/metricminer-dashboard
jhudsl/OTTR_Template	2025-03-23	1	1	NA	NA	jhudsl/OTTR_Template
jhudsl/OTTR_Template	2025-03-25	1	1	1	1	jhudsl/OTTR_Template
jhudsl/OTTR_Template	2025-03-26	2	1	2	2	jhudsl/OTTR_Template
jhudsl/OTTR_Template	2025-03-27	1	1	1	1	jhudsl/OTTR_Template
jhudsl/OTTR_Template	2025-03-29	5	4	2	2	jhudsl/OTTR_Template
jhudsl/OTTR_Template	2025-03-24	NA	NA	1	1	jhudsl/OTTR_Template
jhudsl/OTTR_Template_Website	NA	NA	NA	0	0	jhudsl/OTTR_Template_Website
fhdsl/metricminer	2025-05-02	1	1	NA	NA	fhdsl/metricminer
fhdsl/metricminer	2025-05-04	1	1	NA	NA	fhdsl/metricminer
fhdsl/metricminer	2025-05-05	1	1	NA	NA	fhdsl/metricminer
fhdsl/metricminer	2025-05-11	1	1	NA	NA	fhdsl/metricminer
fhdsl/metricminer	2025-05-08	NA	NA	2	2	fhdsl/metricminer
fhdsl/metricminer	2025-05-09	NA	NA	2	2	fhdsl/metricminer
fhdsl/metricminer	2025-05-12	NA	NA	1	1	fhdsl/metricminer
fhdsl/metricminer	2025-05-15	NA	NA	1	1	fhdsl/metricminer
fhdsl/metricminer-dashboard	2025-05-02	2	2	NA	NA	fhdsl/metricminer-dashboard
fhdsl/metricminer-dashboard	2025-05-05	2	1	NA	NA	fhdsl/metricminer-dashboard
fhdsl/metricminer-dashboard	2025-05-12	NA	NA	1	1	fhdsl/metricminer-dashboard
fhdsl/metricminer-dashboard	2025-05-14	NA	NA	1	1	fhdsl/metricminer-dashboard
jhudsl/OTTR_Template	2025-05-03	1	1	NA	NA	jhudsl/OTTR_Template
jhudsl/OTTR_Template	2025-05-05	1	1	9	2	jhudsl/OTTR_Template
jhudsl/OTTR_Template	2025-05-06	1	1	13	3	jhudsl/OTTR_Template
jhudsl/OTTR_Template	2025-05-07	1	1	3	2	jhudsl/OTTR_Template
jhudsl/OTTR_Template	2025-05-08	2	2	2	2	jhudsl/OTTR_Template
jhudsl/OTTR_Template	2025-05-09	2	2	2	2	jhudsl/OTTR_Template
jhudsl/OTTR_Template	2025-05-11	1	1	NA	NA	jhudsl/OTTR_Template
jhudsl/OTTR_Template	2025-05-13	1	1	NA	NA	jhudsl/OTTR_Template
jhudsl/OTTR_Template	2025-05-14	1	1	NA	NA	jhudsl/OTTR_Template
jhudsl/OTTR_Template	2025-05-15	1	1	NA	NA	jhudsl/OTTR_Template
jhudsl/OTTR_Template	2025-05-02	NA	NA	16	1	jhudsl/OTTR_Template
jhudsl/OTTR_Template	2025-05-12	NA	NA	2	2	jhudsl/OTTR_Template
jhudsl/OTTR_Template_Website	2025-05-01	1	1	NA	NA	jhudsl/OTTR_Template_Website
jhudsl/OTTR_Template_Website	2025-05-11	1	1	NA	NA	jhudsl/OTTR_Template_Website
jhudsl/OTTR_Template_Website	2025-05-05	NA	NA	3	1	jhudsl/OTTR_Template_Website
fhdsl/metricminer	2025-05-15	NA	NA	2	2	fhdsl/metricminer
jhudsl/OTTR_Template	2025-05-15	1	1	3	2	jhudsl/OTTR_Template
jhudsl/OTTR_Template	2025-05-16	1	1	3	2	jhudsl/OTTR_Template
jhudsl/OTTR_Template	2025-05-17	1	1	NA	NA	jhudsl/OTTR_Template
jhudsl/OTTR_Template_Website	2025-05-16	3	2	NA	NA	jhudsl/OTTR_Template_Website
jhudsl/OTTR_Template_Website	2025-05-17	2	1	NA	NA	jhudsl/OTTR_Template_Website
fhdsl/metricminer	2025-05-18	1	1	NA	NA	fhdsl/metricminer
fhdsl/metricminer	2025-05-19	2	1	NA	NA	fhdsl/metricminer
fhdsl/metricminer	2025-05-20	2	1	NA	NA	fhdsl/metricminer
fhdsl/metricminer	2025-05-21	2	1	NA	NA	fhdsl/metricminer
fhdsl/metricminer	2025-05-24	NA	NA	1	1	fhdsl/metricminer
fhdsl/metricminer-dashboard	2025-05-23	1	1	NA	NA	fhdsl/metricminer-dashboard
fhdsl/metricminer-dashboard	2025-05-21	NA	NA	1	1	fhdsl/metricminer-dashboard
jhudsl/OTTR_Template	2025-05-18	2	1	NA	NA	jhudsl/OTTR_Template
jhudsl/OTTR_Template	2025-05-19	1	1	1	1	jhudsl/OTTR_Template
jhudsl/OTTR_Template	2025-05-21	2	2	NA	NA	jhudsl/OTTR_Template
jhudsl/OTTR_Template	2025-05-23	3	2	2	2	jhudsl/OTTR_Template
jhudsl/OTTR_Template_Website	2025-05-18	1	1	NA	NA	jhudsl/OTTR_Template_Website
jhudsl/OTTR_Template_Website	2025-05-20	1	1	NA	NA	jhudsl/OTTR_Template_Website
jhudsl/OTTR_Template_Website	2025-05-19	NA	NA	2	1	jhudsl/OTTR_Template_Website
fhdsl/metricminer	2025-05-25	1	1	NA	NA	fhdsl/metricminer
fhdsl/metricminer	2025-05-28	5	3	4	1	fhdsl/metricminer
fhdsl/metricminer	2025-05-26	NA	NA	1	1	fhdsl/metricminer
fhdsl/metricminer	2025-05-29	NA	NA	1	1	fhdsl/metricminer
fhdsl/metricminer-dashboard	2025-05-26	NA	NA	1	1	fhdsl/metricminer-dashboard
fhdsl/metricminer-dashboard	2025-05-27	NA	NA	1	1	fhdsl/metricminer-dashboard
fhdsl/metricminer-dashboard	2025-05-28	NA	NA	1	1	fhdsl/metricminer-dashboard
jhudsl/OTTR_Template	2025-05-25	1	1	1	1	jhudsl/OTTR_Template
jhudsl/OTTR_Template	2025-05-26	2	1	2	1	jhudsl/OTTR_Template
jhudsl/OTTR_Template	2025-05-27	1	1	1	1	jhudsl/OTTR_Template
jhudsl/OTTR_Template	2025-05-30	1	1	NA	NA	jhudsl/OTTR_Template
jhudsl/OTTR_Template	2025-05-28	NA	NA	3	3	jhudsl/OTTR_Template
jhudsl/OTTR_Template	2025-05-29	NA	NA	1	1	jhudsl/OTTR_Template
jhudsl/OTTR_Template_Website	2025-05-25	1	1	NA	NA	jhudsl/OTTR_Template_Website
jhudsl/OTTR_Template_Website	2025-05-26	1	1	NA	NA	jhudsl/OTTR_Template_Website
jhudsl/OTTR_Template_Website	2025-05-27	1	1	NA	NA	jhudsl/OTTR_Template_Website
